Country,Time,Moody_LTF,SP_LTF,Fitch_LTF,Moody_STF,SP_STF,Fitch_STF,Moody_LTL,SP_LTL,Fitch_LTL,Moody_STL,SP_STL,Fitch_STL
Argentina,4/4/2017,,B,,,,,,B,,,,
Argentina,5/6/2016,,B-,,,B,,,,,,,
Argentina,4/21/2016,B3,,B,,,,,,,,,
Argentina,4/15/2016,,SD,,,D,,,B-,,,B,
Argentina,2/3/2016,,,,,,,,B,,,B,
Argentina,10/31/2014,,,,,,,,,,,,
Argentina,7/31/2014,,,C,,,,,,CCC,,,
Argentina,7/30/2014,,SD,,,SD,,,,,,,
Argentina,7/1/2014,,CCC-,,,C,,,,,,,
Argentina,6/17/2014,,CCC-,,,,,,,,,,
Argentina,9/10/2013,,CCC+,,,C,,,CCC+,,,C,
Argentina,4/30/2013,Ca,,,,,,,,,,,
Argentina,11/27/2012,,,CC,,,,,,B-,,,
Argentina,10/31/2012,,B-,,,,,,,,,,
Argentina,10/30/2012,,,B,,,,,,,,,
Argentina,4/4/2011,,B,,,B,,,B,,,B,
Argentina,9/13/2010,,B,,,B,,,B,,,B,
Argentina,7/12/2010,,,B,,,,,,B,,,
Argentina,12/18/2008,,,B-,,,,,,B-,,,
Argentina,10/31/2008,,B-,,,C,,,B-,,,C,
Argentina,9/30/2008,,,,,,,,,,,,
Argentina,8/11/2008,,B,,,,,,B,,,,
Argentina,10/2/2006,,B+,,,,,,B+,,,,
Argentina,8/1/2006,,,B,,,,,,B,,,
Argentina,3/23/2006,,B,,,B,,,B,,,B,
Argentina,6/29/2005,B3,,,,,,,,,,,
Argentina,6/1/2005,,B-,,,C,,,B-,,,C,
Argentina,1/13/2005,,,D,,,,,,,,,
Argentina,4/26/2004,,,,,,,,,B-,,,
Argentina,8/20/2003,Caa1,,,,,,B3,,,,,
Argentina,1/24/2003,,,,,,,,,CC,,,
Argentina,2/12/2002,,,,,,,,,,,SD,
Argentina,12/20/2001,Ca,,,,,,Ca,,,,,
Argentina,12/3/2001,,,DD,,,,,,,,,
Argentina,11/6/2001,,SD,C,,,,,SD,C,,,
Argentina,11/2/2001,,,CC,,,,,,CC,,,
Argentina,10/30/2001,,CC,,,,,,CC,,,,
Argentina,10/12/2001,Caa3,,CCC-,,,,Caa3,,CCC-,,,
Argentina,10/9/2001,,CCC+,,,,,,CCC+,,,,
Argentina,7/26/2001,Caa1,,,,,,Caa1,,,,,
Argentina,7/13/2001,B3,,,,,,B3,,,,,
Argentina,7/12/2001,,B-,,,,,,B-,,,,
Argentina,7/11/2001,,,B-,,,,,,B-,,,
Argentina,6/6/2001,,B,,,C,,,B,,,C,
Argentina,6/4/2001,B2,,,,,,B2,,,,,
Argentina,5/8/2001,,B,,,C,,,B,,,C,
Argentina,3/28/2001,B2,,B+,,,,B2,,B+,,,
Argentina,3/26/2001,,B+,,,,,,B+,,,,
Argentina,3/20/2001,,,BB-,,,,,,BB,,,
Argentina,3/19/2001,,BB-,,,B,,,BB,,,B,
Argentina,11/14/2000,,BB-,,,B,,,BB,,,B,
Argentina,11/1/2000,,BB,,,B,,,BBB-,,,A-3,
Argentina,10/6/1999,B1,,,,,,,,,,,
Argentina,10/6/1999,,,,,,,B1,,,,,
Argentina,8/20/1999,Ba3,,,,,,Ba3,,,,,
Argentina,2/10/1999,Ba3,,,,,,Ba3,,,,,
Argentina,9/3/1998,Ba3,,,,,,Ba3,,,,,
Argentina,12/3/1997,,,,,,,,,BB+,,,
Argentina,10/2/1997,Ba3,,,,,,Ba3,,,,,
Argentina,5/28/1997,,,BB-,,,,,,,,,
Argentina,1/28/1997,,,,,SD,,B1,,,,,
Argentina,9/27/1995,B1,,,,,,,,,,,
Argentina,5/16/1995,B1,,,,,,,,,,,
Argentina,9/1/1994,,,,,,,,BBB-,,,,
Argentina,8/22/1994,,,,,B,,,,,,A-3,
Argentina,7/13/1992,B1,,,,,,,,,,,
Argentina,9/10/1991,B3,,,,,,,,,,,
Argentina,8/15/1990,,,,,,,,,,,,
Argentina,5/26/1989,B3,,,,,,,,,,,
Argentina,12/4/1987,B2,,,,,,,,,,,
Argentina,11/18/1986,Ba3,,,,,,,,,,,
Brazil,2/24/2016,Ba2,,,,,,Ba2,,,,,
Brazil,12/9/2015,Baa3,,,,,,Baa3,,,,,
Brazil,8/11/2015,Baa3,,,,,,Baa3,,,,,
Brazil,6/20/2011,Baa2,,,,,,Baa2,,,,,
Brazil,9/22/2009,Baa3,,,,,,Baa3,,,,,
Brazil,7/6/2009,Ba1,,,,,,Ba1,,,,,
Brazil,8/23/2007,Ba1,,,,,,Ba1,,,,,
Brazil,5/24/2007,Ba2,,,,,,Ba2,,,,,
Brazil,8/31/2006,Ba2,,,,,,Ba2,,,,,
Brazil,8/1/2006,Ba3,,,,,,Ba3,,,,,
Brazil,10/12/2005,Ba3,,,,,,,,,,,
Brazil,9/9/2004,B1,,,,,,Ba3,,,,,
Brazil,8/12/2002,B2,,,,,,B2,,,,,
Brazil,10/16/2000,B1,,,,,,B1,,,,,
Brazil,8/17/2000,B2,,,,,,B3,,,,,
Brazil,9/3/1998,B1,,,,,,Caa1,,,,,
Brazil,11/30/1994,B1,,,,,,,,,,,
Brazil,10/5/1994,B2,,,,,,,,,,,
Brazil,3/28/1989,B2,,,,,,,,,,,
Brazil,12/4/1987,B1,,,,,,,,,,,
Brazil,11/18/1986,Ba1,,,,,,,,,,,
Brazil,12/16/1999,,,,,,,B3,,,,,
Brazil,6/19/1998,,,,,,,B2,,,,,
Brazil,5/22/2017,,BB,,,,,,BB,,,,
Brazil,2/17/2016,,BB,,,,,,BB,,,B,
Brazil,9/9/2015,,BB+,,,B,,,BBB-,,,A-3,
Brazil,3/24/2014,,BBB-,,,A-3,,,BBB+,,,,
Brazil,11/17/2011,,BBB,,,,,,A-,,,,
Brazil,4/30/2008,,BBB-,,,A-3,,,BBB+,,,A-2,
Brazil,5/16/2007,,BB+,,,,,,BBB,,,A-3,
Brazil,2/28/2006,,BB,,,,,,BB+,,,,
Brazil,9/17/2004,,BB-,,,,,,,,,,
Brazil,7/2/2002,,B+,,,,,,BB,,,,
Brazil,1/3/2001,,BB-,,,,,,BB+,,,,
Brazil,1/14/1999,,B+,,,,,,BB-,,,,
Brazil,4/2/1997,,BB-,,,B,,,BB+,,,B,
Brazil,7/18/1995,,B+,,,,,,,,,,
Brazil,11/30/1994,,B,,,,,,,,,,
Brazil,7/9/2002,,,,,A-2,,,,,,,
Brazil,2/29/2000,,,,,,,,BB,,,,
Brazil,6/19/1996,,,,,,,,BB,,,,
Brazil,5/5/2016,,,BB,,,BB,,,,,,
Brazil,12/16/2015,,,BB+,,,BB+,,,B,,,
Brazil,10/15/2015,,,BBB-,,,BBB-,,,F3,,,
Brazil,4/4/2011,,,BBB,,,BBB,,,F2,,,
Brazil,5/29/2008,,,BBB-,,,BBB-,,,F3,,,
Brazil,5/10/2007,,,BB+,,,BB+,,,,,,
Brazil,6/28/2006,,,BB,,,BB,,,,,,
Brazil,9/28/2004,,,BB-,,,BB-,,,,,,
Brazil,11/6/2003,,,B+,,,B+,,,,,,
Brazil,10/21/2002,,,B,,,B,,,B,,,
Brazil,8/1/2002,,,B+,,,B+,,,B,,,
Brazil,6/20/2002,,,B+,,,,,,,,,
Brazil,5/19/2000,,,BB-,,,,,,,,,
Brazil,2/22/2000,,,B+,,,B+,,,,,,
Brazil,1/26/1999,,,B,,,B,,,B,,,
Brazil,1/13/1999,,,B+,,,BB-,,,,,,
Brazil,12/1/1994,,,B+,,,,,,,,,
Brazil,12/3/1997,,,,,,BB-,,,,,,
Brazil,10/26/1995,,,,,,,,,B,,,
Bulgaria,7/18/2013,,,,p-2,,,,,,,,
Bulgaria,7/22/2011,Baa2,,,,,,Baa2,,,,,
Bulgaria,4/5/2011,Baa3,,,,,,Baa3,,,,,
Bulgaria,5/24/2006,,,,P-1,,,,,,,,
Bulgaria,3/1/2006,Baa3,,,P-3,,,Baa3,,,,,
Bulgaria,12/21/2005,Ba1,,,,,,Ba1,,,,,
Bulgaria,11/17/2004,Ba1,,,,,,Ba1,,,,,
Bulgaria,8/25/2004,Ba2,,,,,,Ba2,,,,,
Bulgaria,6/5/2003,Ba2,,,,,,Ba2,,,,,
Bulgaria,12/19/2001,B1,,,,,,,,,,,
Bulgaria,2/18/1999,,,,,,,B1,,,,,
Bulgaria,12/16/1997,B2,,,,,,,,,,,
Bulgaria,9/27/1996,B3,,,,,,,,,,,
Bulgaria,12/12/2014,,BB+,,,B,,,BB+,,,B,
Bulgaria,6/13/2014,,BBB-,,,A-3,,,BBB-,,,A-3,
Bulgaria,8/10/2012,,,,,A-2,,,,,,A-2,
Bulgaria,10/30/2008,,BBB,,,A-3,,,BBB,,,A-3,
Bulgaria,10/23/2008,,BBB+,,,A-2,,,BBB+,,,A-2,
Bulgaria,10/26/2006,,BBB+,,,A-2,,,,,,A-2,
Bulgaria,10/27/2005,,BBB,,,,,,BBB+,,,,
Bulgaria,6/24/2004,,BBB-,,,A-3,,,BBB,,,A-3,
Bulgaria,5/22/2003,,BB+,,,,,,BBB-,,,,
Bulgaria,10/7/2002,,BB,,,,,,BB+,,,,
Bulgaria,11/7/2001,,BB-,,,,,,BB,,,,
Bulgaria,5/10/2000,,B+,,,,,,BB-,,,,
Bulgaria,11/23/1998,,B,,,B,,,B,,,B,
Bulgaria,7/22/2016,,,,,,,,,BBB-,,,F3
Bulgaria,11/10/2008,,,BBB-,,,,,,BBB,,,
Bulgaria,8/17/2005,,,BBB,,,,,,BBB+,,,
Bulgaria,8/4/2004,,,BBB-,,,F3,,,BBB,,,
Bulgaria,7/24/2003,,,BB+,,,,,,BBB-,,,
Bulgaria,10/29/2002,,,BB,,,,,,BB+,,,
Bulgaria,1/14/2002,,,BB-,,,,,,,,,
Bulgaria,4/17/1998,,,B+,,,B,,,BB,,,
Chile,6/16/2010,Aa3,,,,,,Aa3,,,,,
Chile,3/23/2009,A1,,,,,,,,,,,
Chile,11/20/2008,A2,,,,,,,,,,,
Chile,7/7/2006,A2,,,,,,,,,,,
Chile,3/21/2006,Baa1,,,,,,,,,,,
Chile,5/25/1999,Baa1,,,,,,,,,,,
Chile,7/29/1999,,,,,,,A1,,,,,
Chile,8/6/2015,,,,,,,,AA,,,,
Chile,12/26/2012,,AA-,,,A-1+,,,AA+,,,,
Chile,12/18/2007,,A+,,,,,,,,,,
Chile,1/14/2004,,A,,,,,,,,,,
Chile,7/11/1995,,A-,,,,,,,,,,
Chile,12/20/1993,,BBB+,,,,,,,,,,
Chile,12/7/1992,,BBB,,,,,,,,,,
Chile,8/7/1997,,,,,A-1,,,,,,A-1+,
Chile,12/30/1992,,,,,,,,AA,,,,
Chile,2/1/2011,,,A+,,,,,,AA-,,,
Chile,3/28/2005,,,A,,,,,,,,,
Chile,8/30/1995,,,A-,,,,,,,,,
Chile,11/10/1994,,,BBB+,,,,,,,,,
Chile,2/24/2003,,,,,,,,,A+,,,
Chile,12/3/1997,,,,,,,,,AA-,,,
Chile,11/25/1996,,,,,,,,,AA,,,
China,5/24/2017,A1,,,,,,A1,,,,,
China,11/11/2010,Aa3,,,,,,Aa3,,,,,
China,10/8/2010,A1,,,,,,A1,,,,,
China,7/26/2007,A1,,,,,,,,,,,
China,5/30/2007,A2,,,,,,,,,,,
China,10/16/2003,A2,,,,,,,,,,,
China,9/22/2003,A3,,,,,,,,,,,
China,12/3/1998,A3,,,,,,,,,,,
China,9/3/1998,A3,,,,,,,,,,,
China,9/10/1993,A3,,,,,,,,,,,
China,10/21/1992,,,,,,,,,,,,
China,11/8/1989,Baa1,,,,,,,,,,,
China,5/23/1988,A3,,,,,,,,,,,
China,9/21/2007,,,,,,,A1,,,,,
China,12/16/2010,,AA-,,,,,,AA-,,,,
China,7/31/2008,,A+,,,A-1+,,,A+,,,A-1+,
China,7/27/2006,,A,,,,,,A,,,,
China,7/20/2005,,A-,,,A-1,,,A-,,,A-1,
China,2/18/2004,,BBB+,,,A-2,,,BBB+,,,A-2,
China,7/20/1999,,BBB,,,A-3,,,BBB,,,,
China,5/14/1997,,BBB+,,,,,,BBB+,,,,
China,12/7/1992,,BBB,,,A-2,,,BBB,,,,
China,4/9/2013,,,,,,,,,A+,,,
China,11/6/2007,,,A+,,,,,,AA-,,,
China,10/17/2005,,,A,,,,,,A+,,,
China,12/11/1997,,,A-,,,,,,,,,
China,12/6/2001,,,,,,,,,A,,,
Colombia,7/28/2014,Baa2,,,,,,Baa2,,,,,
Colombia,5/31/2011,Baa3,,,,,,,,,,,
Colombia,6/19/2008,Ba1,,,,,,,,,,,
Colombia,8/11/1999,Ba2,,,,,,,,,,,
Colombia,9/30/1998,Baa3,,,,,,,,,,,
Colombia,9/19/1995,Baa3,,,,,,,,,,,
Colombia,5/25/1995,Ba1,,,,,,,,,,,
Colombia,8/4/1993,Ba1,,,,,,,,,,,
Colombia,6/29/2006,,,,,,,Baa3,,,,,
Colombia,3/9/2006,,,,,,,Baa2,,,,,
Colombia,6/18/1998,,,,,,,Baa2,,,,,
Colombia,4/24/2013,,BBB,,,A-2,,,,,,,
Colombia,3/16/2011,,BBB-,,,A-3,,,,,,,
Colombia,3/5/2007,,BB+,,,,,,BBB+,,,A-2,
Colombia,5/24/2000,,BB,,,,,,BBB,,,A-3,
Colombia,9/21/1999,,BB+,,,B,,,BBB+,,,,
Colombia,6/21/1993,,BBB-,,,,,,,,,,
Colombia,5/5/1998,,,,,A-3,,,A,,,A-1,
Colombia,6/11/1999,,,,,,,,A-,,,A-2,
Colombia,8/24/1995,,,,,,,,A+,,,,
Colombia,12/10/2013,,,BBB,,,F2,,,BBB+,,,
Colombia,6/22/2011,,,BBB-,,,F3,,,BBB,,,
Colombia,6/21/2007,,,BB+,,,,,,,,,
Colombia,1/10/2002,,,BB,,,,,,BBB-,,,
Colombia,5/19/2000,,,BB+,,,,,,BBB,,,
Colombia,6/16/2000,,,,,,B,,,,,,
Columbia,7/22/2016,,,,,,,,,BBB,,,
Egypt,4/7/2015,B3,,,,,,B3,,,,,
Egypt,3/21/2013,Caa1,,,,,,Caa1,,,,,
Egypt,2/12/2013,B3,,,,,,B3,,,,,
Egypt,1/17/2013,B2,,,,,,B2,,,,,
Egypt,9/12/2012,B2,,,,,,B2,,,,,
Egypt,12/21/2011,B2,,,,,,B2,,,,,
Egypt,10/27/2011,B1,,,,,,B1,,,,,
Egypt,3/16/2011,Ba3,,,,,,Ba3,,,,,
Egypt,1/31/2011,Ba2,,,,,,Ba2,,,,,
Egypt,6/23/2008,,,,,,,Ba1,,,,,
Egypt,5/18/2005,,,,,,,Baa3,,,,,
Egypt,7/6/2001,Ba1,,,,,,,,,,,
Egypt,3/4/1999,,,,,,,Baa1,,,,,
Egypt,11/15/2013,,B-,,,B,,,B-,,,B,
Egypt,5/9/2013,,CCC+,,,C,,,CCC+,,,C,
Egypt,12/24/2012,,B-,,,,,,B-,,,,
Egypt,8/23/2012,,B,,,,,,B,,,,
Egypt,6/25/2012,,B,,,,,,B,,,,
Egypt,2/10/2012,,B,,,,,,B,,,,
Egypt,11/24/2011,,B+,,,,,,B+,,,,
Egypt,10/18/2011,,BB-,,,,,,BB-,,,,
Egypt,3/10/2011,,BB,,,,,,BB,,,,
Egypt,2/1/2011,,BB,,,,,,BB+,,,B,
Egypt,5/22/2002,,BB+,,,,,,BBB-,,,A-3,
Egypt,1/15/1997,,BBB-,,,,,,BBB,,,,
Egypt,5/22/2002,,,,,B,,,BBB+,,,,
Egypt,1/17/1997,,,,,A-3,,,A-,,,A-1,
Egypt,6/22/2001,,,,,,,,,,,A-2,
Egypt,12/19/2014,,,B,,,,,,B,,,
Egypt,7/5/2013,,,B-,,,,,,B-,,,
Egypt,1/30/2013,,,B,,,,,,B,,,
Egypt,6/15/2012,,,B+,,,,,,B+,,,
Egypt,12/30/2011,,,BB-,,,,,,BB,,,
Egypt,6/28/2011,,,BB,,,,,,BB+,,,
Egypt,2/3/2011,,,BB,,,,,,BB+,,,
Egypt,8/18/2008,,,,,,,,,BBB-,,,
Egypt,8/21/2002,,,BB+,,,B,,,BBB,,,
Egypt,8/21/2001,,,,,,,,,BBB+,,,
Egypt,8/19/1997,,,BBB-,,,F3,,,A-,,,
Hungary,11/4/2016,Baa3,,,,,,Baa3,,,,,
Hungary,11/24/2011,Ba1,,,,,,Ba1,,,,,
Hungary,12/6/2010,Baa3,,,,,,Baa3,,,,,
Hungary,7/23/2010,Baa1,,,,,,Baa1,,,,,
Hungary,3/31/2009,Baa1,,,,,,Baa1,,,,,
Hungary,11/7/2008,A3,,,,,,A3,,,,,
Hungary,12/22/2006,A2,,,,,,A2,,,,,
Hungary,9/22/2006,A1,,,,,,A1,,,,,
Hungary,11/12/2002,A1,,,,,,,,,,,
Hungary,11/14/2000,A3,,,,,,,,,,,
Hungary,9/13/2000,Baa1,,,,,,,,,,,
Hungary,6/25/1999,Baa1,,,,,,,,,,,
Hungary,5/8/1998,Baa2,,,,,,,,,,,
Hungary,3/20/1998,Baa3,,,,,,,,,,,
Hungary,12/19/1996,Baa3,,,,,,,,,,,
Hungary,10/14/1996,Ba1,,,,,,,,,,,
Hungary,12/27/1993,Ba1,,,,,,,,,,,
Hungary,6/22/1998,,,,,,,A1,,,,,
Hungary,9/16/2016,,BBB-,,,A-3,,,BBB-,,,A-3,
Hungary,3/20/2015,,BB+,,,,,,BB+,,,,
Hungary,11/23/2012,,BB,,,,,,BB,,,,
Hungary,12/21/2011,,BB+,,,B,,,BB+,,,B,
Hungary,11/11/2011,,BBB-,,,A-3,,,BBB-,,,A-3,
Hungary,3/30/2009,,BBB-,,,,,,BBB-,,,,
Hungary,11/17/2008,,BBB,,,A-3,,,BBB,,,A-3,
Hungary,10/15/2008,,BBB+,,,A-2,,,BBB+,,,A-3,
Hungary,6/15/2006,,BBB+,,,,,,BBB+,,,,
Hungary,12/19/2000,,A-,,,,,,A+,,,,
Hungary,2/2/2000,,BBB+,,,A-2,,,,,,,
Hungary,12/11/1998,,BBB,,,,,,A,,,,
Hungary,10/28/1996,,BBB-,,,,,,A-,,,A-1,
Hungary,4/20/1992,,BB+,,,,,,,,,,
Hungary,7/24/1997,,,,,A-3,,,,,,,
Hungary,5/27/2005,,,,,,,,A-,,,A-2,
Hungary,11/19/2002,,,,,,,,A,,,,
Hungary,5/20/2016,,,BBB-,,,F3,,,,,,
Hungary,1/6/2012,,,BB+,,,B,,,BBB-,,,
Hungary,12/23/2010,,,BBB-,,,,,,BBB,,,
Hungary,11/10/2008,,,BBB,,,F3,,,BBB+,,,
Hungary,12/6/2005,,,BBB+,,,,,,A-,,,
Hungary,1/16/2004,,,A-,,,,,,A+,,,
Hungary,11/29/2000,,,A-,,,,,,A+,,,
Hungary,10/29/1999,,,BBB+,,,F2,,,,,,
Hungary,6/24/1997,,,BBB,,,,,,A-,,,
Hungary,4/25/1996,,,BBB-,,,F3,,,BBB+,,,
Hungary,1/12/2005,,,,,,,,,A,,,
Hungary,7/2/1998,,,,,,,,,A,,,
India,5/24/2006,Baa2,,,P-2,,,,,,,,
India,1/22/2004,Baa3,,,,,,,,,,,
India,2/3/2003,Ba1,,,,,,,,,,,
India,11/14/2002,Ba2,,,,,,,,,,,
India,6/19/1998,Ba2,,,,,,Ba2,,,,,
India,1/8/1998,Baa3,,,P-3,,,,,,,,
India,12/1/1994,Baa3,,,P-3,,,,,,,,
India,9/14/1994,Ba2,,,,,,,,,,,
India,6/24/1991,Ba2,,,,,,,,,,,
India,3/26/1991,Baa3,,,P-3,,,,,,,,
India,10/4/1990,Baa1,,,P-2,,,,,,,,
India,1/28/1988,A2,,,,,,,,,,,
India,3/24/1988,,,,P-1,,,,,,,,
India,12/20/2011,,,,,,,Baa3,,,P-3,,
India,7/26/2010,,,,,,,Ba1,,,,,
India,2/25/2011,,BBB-,,,A-3,,,BBB-,,,A-3,
India,1/30/2007,,BBB-,,,A-3,,,BBB-,,,A-3,
India,2/2/2005,,BB+,,,,,,,,,,
India,10/22/1998,,BB,,,,,,BBB,,,A-3,
India,12/7/1992,,BB+,,,B,,,,,,,
India,9/19/2002,,,,,,,,BB+,,,B,
India,8/7/2001,,,,,,,,BBB-,,,,
India,10/1/1996,,,,,,,,BBB+,,,,
India,8/1/2006,,,BBB-,,,,,,BBB-,,,
India,1/21/2004,,,BB+,,,,,,,,,
India,11/21/2001,,,BB,,,,,,BB+,,,
India,3/8/2000,,,BB+,,,,,,BBB-,,,
India,11/5/2015,,,,,,R-2H,,,,,,
India,12/17/2012,,,,,,R-2M,,,,,,
Indonesia,1/18/2012,Baa3,,,P-3,,,Baa3,,,,,
Indonesia,2/17/2011,Ba1,,,,,,Ba1,,,,,
Indonesia,12/1/2010,Ba2,,,,,,Ba2,,,,,
Indonesia,9/16/2009,Ba2,,,,,,Ba2,,,,,
Indonesia,10/18/2007,Ba3,,,,,,Ba3,,,,,
Indonesia,8/1/2007,B1,,,,,,B1,,,,,
Indonesia,5/19/2006,B1,,,,,,B1,,,,,
Indonesia,2/27/2006,B2,,,,,,B2,,,,,
Indonesia,8/25/2004,,,,,,,B2,,,,,
Indonesia,9/30/2003,B2,,,,,,,,,,,
Indonesia,6/26/2003,B3,,,,,,,,,,,
Indonesia,3/20/1998,B3,,,,,,,,,,,
Indonesia,1/9/1998,B2,,,,,,,,,,,
Indonesia,12/21/1997,Ba1,,,,,,,,,,,
Indonesia,3/14/1994,Baa3,,,,,,,,,,,
Indonesia,5/19/2017,,BBB-,,,A-3,,,BBB-,,,A-3,
Indonesia,4/8/2011,,BB+,,,,,,,,,,
Indonesia,3/12/2010,,BB,,,,,,,,,,
Indonesia,7/26/2006,,BB-,,,,,,BB+,,,,
Indonesia,12/22/2004,,B+,,,,,,BB+,,,,
Indonesia,10/8/2003,,B,,,B,,,B+,,,,
Indonesia,5/12/2003,,B-,,,,,,B,,,B,
Indonesia,9/5/2002,,CCC+,,,C,,,,,,,
Indonesia,4/23/2002,,SD,,,SD,,,,,,,
Indonesia,11/2/2001,,CCC,,,,,,,,,,
Indonesia,5/21/2001,,CCC+,,,,,,B-,,,,
Indonesia,10/2/2000,,B-,,,C,,,B-,,,,
Indonesia,4/17/2000,,SD,,,SD,,,B-,,,C,
Indonesia,9/12/1999,,CCC+,,,C,,,B-,,,C,
Indonesia,3/30/1999,,CCC+,,,C,,,,,,C,
Indonesia,3/29/1999,,SD,,,,,,,,,,
Indonesia,5/15/1998,,CCC+,,,,,,B-,,,,
Indonesia,3/11/1998,,B-,,,,,,B+,,,,
Indonesia,1/27/1998,,B,,,,,,BB-,,,,
Indonesia,1/9/1998,,BB,,,,,,BBB,,,,
Indonesia,12/31/1997,,BB+,,,,,,,,,,
Indonesia,10/10/1997,,BBB-,,,,,,A-,,,,
Indonesia,5/30/1996,,,,,,,,A+,,,,
Indonesia,4/18/1995,,BBB,,,,,,,,,,
Indonesia,12/7/1992,,BBB-,,,,,,,,,,
Indonesia,12/15/2011,,,BBB-,,,F3,,,BBB-,,,
Indonesia,1/25/2010,,,BB+,,,,,,BB+,,,
Indonesia,2/14/2008,,,BB,,,,,,BB,,,
Indonesia,1/27/2005,,,BB-,,,,,,BB-,,,
Indonesia,11/20/2003,,,B+,,,,,,B+,,,
Indonesia,8/1/2002,,,B,,,,,,B,,,
Indonesia,9/21/2000,,,,,,,,,B-,,,
Indonesia,5/19/2000,,,,,,,,,B+,,,
Indonesia,4/26/1999,,,,,,B,,,BB-,,,
Indonesia,3/16/1998,,,B-,,,B,,,,,,
Indonesia,1/21/1998,,,B+,,,,,,BBB+,,,
Indonesia,1/8/1998,,,BB-,,,,,,,,,
Indonesia,12/23/1997,,,BB+,,,,,,BBB+,,,
Indonesia,6/4/1997,,,BBB-,,,B,,,A,,,
Latvia,2/13/2015,A3,,,,,,A3,,,,,
Latvia,6/13/2014,Baa1,,,,,,Baa1,,,,,
Latvia,3/15/2013,Baa2,,,P-2,,,Baa2,,,,,
Latvia,4/23/2009,Baa3,,,,,,Baa3,,,,,
Latvia,1/7/2009,Baa1,,,,,,Baa1,,,,,
Latvia,11/7/2008,A3,,,,,,A3,,,,,
Latvia,11/22/2005,A2,,,,,,,,,,,
Latvia,11/22/2006,,,,,,,A2,,,,,
Latvia,5/14/2004,,,,,,,,,,,,
Latvia,4/26/2001,,,,,,,,,,,,
Latvia,11/12/2002,A2,,,P-1,,,,,,,,
Latvia,8/24/1999,Baa2,,,,,,,,,,,
Latvia,3/2/1999,,,,,,,A2,,,,,
Latvia,12/17/1997,,,,P-3,,,,,,,,
Latvia,5/30/2014,,A-,,,,,,A-,,,,
Latvia,6/10/2013,,BBB+,,,,,,BBB+,,,,
Latvia,11/9/2012,,BBB,,,A-2,,,BBB,,,A-2,
Latvia,5/2/2012,,BBB-,,,A-3,,,BBB-,,,A-3,
Latvia,12/7/2010,,BB+,,,,,,BB+,,,,
Latvia,8/10/2009,,BB,,,,,,BB,,,,
Latvia,6/8/2009,,BB+,,,,,,BB+,,,,
Latvia,2/24/2009,,BB+,,,B,,,BB+,,,B,
Latvia,11/10/2008,,BBB-,,,A-3,,,BBB-,,,A-3,
Latvia,10/27/2008,,BBB,,,A-3,,,BBB,,,A-4,
Latvia,5/17/2007,,BBB+,,,,,,BBB+,,,,
Latvia,7/29/2004,,A-,,,,,,,,,,
Latvia,8/20/2002,,BBB+,,,A-2,,,,,,,
Latvia,1/16/1997,,BBB,,,A-3,,,A-,,,A-2,
Latvia,6/20/2014,,,A-,,,F1,,,A-,,,
Latvia,7/19/2013,,,BBB+,,,F2,,,,,,
Latvia,11/13/2012,,,BBB,,,,,,BBB+,,,
Latvia,3/15/2011,,,BBB-,,,F3,,,BBB,,,
Latvia,4/8/2009,,,BB+,,,B,,,BBB-,,,
Latvia,12/23/2008,,,BBB-,,,,,,BBB,,,
Latvia,11/11/2008,,,BBB-,,,,,,BBB,,,
Latvia,10/3/2008,,,BBB,,,,,,BBB+,,,
Latvia,10/3/2006,,,,,,F3,,,,,,
Latvia,8/17/2007,,,BBB+,,,,,,A-,,,
Latvia,7/7/2004,,,A-,,,F2,,,,,,
Latvia,7/21/2003,,,BBB+,,,,,,,,,
Latvia,6/29/1998,,,BBB,,,F3,,,A,,,
Lithuania,5/8/2015,A3,,,,,,A3,,,,,
Lithuania,1/24/2014,,,,P-2,,,,,,,,
Lithuania,9/28/2009,Baa1,,,,,,Baa1,,,,,
Lithuania,8/12/2009,,,,,,,,,,,,
Lithuania,4/23/2009,A3,,,P-2,,,A3,,,,,
Lithuania,2/10/2009,A2,,,P-1,,,A2,,,,,
Lithuania,9/12/2006,A2,,,P-1,,,A2,,,,,
Lithuania,3/9/2006,A3,,,P-3,,,A3,,,,,
Lithuania,12/6/2005,,,,P-2,,,,,,,,
Lithuania,12/11/2003,A3,,,,,,A3,,,,,
Lithuania,8/19/2003,Baa1,,,,,,Baa1,,,,,
Lithuania,11/12/2002,Baa1,,,,,,Baa1,,,,,
Lithuania,12/16/1997,Ba1,,,,,,Ba1,,,,,
Lithuania,9/4/1996,Ba2,,,,,,Ba2,,,,,
Lithuania,4/11/2014,,A-,,,,,,A-,,,,
Lithuania,8/31/2012,,,,,A-2,,,,,,A-2,
Lithuania,8/17/2009,,BBB,,,,,,BBB,,,,
Lithuania,8/10/2009,,BBB,,,,,,BBB,,,,
Lithuania,3/24/2009,,BBB,,,A-3,,,BBB,,,A-3,
Lithuania,2/24/2009,,BBB+,,,A-2,,,BBB+,,,A-2,
Lithuania,10/27/2008,,BBB+,,,,,,BBB+,,,,
Lithuania,1/30/2008,,A-,,,A-2,,,A-,,,A-2,
Lithuania,1/21/2008,,A,,,A-1,,,A,,,A-1,
Lithuania,12/5/2005,,A,,,A-1,,,A,,,A-1,
Lithuania,2/5/2004,,A-,,,,,,,,,,
Lithuania,2/17/2003,,BBB+,,,A-2,,,A-,,,,
Lithuania,4/22/2002,,BBB,,,,,,,,,,
Lithuania,6/9/1997,,BBB-,,,A-3,,,BBB+,,,A-2,
Lithuania,6/25/2014,,,A-,,,F1,,,,,,
Lithuania,4/5/2013,,,BBB+,,,F2,,,A-,,,
Lithuania,4/8/2009,,,BBB,,,F3,,,BBB+,,,
Lithuania,12/22/2008,,,BBB+,,,F2,,,A-,,,
Lithuania,10/3/2008,,,A-,,,,,,A,,,
Lithuania,10/23/2006,,,A,,,F1,,,A+,,,
Lithuania,7/7/2004,,,A-,,,,,,,,,
Lithuania,1/28/2004,,,BBB+,,,F2,,,A,,,
Lithuania,12/17/2002,,,BBB,,,,,,A-,,,
Lithuania,5/16/2001,,,BBB-,,,F3,,,,,,
Lithuania,1/28/1997,,,BB+,,,B,,,BBB+,,,
Malaysia,12/16/2004,A3,,,P-1,,,,,,,,
Malaysia,9/29/2004,Baa1,,,,,,,,,,,
Malaysia,9/25/2002,Baa1,,,P-2,,,,,,,,
Malaysia,6/24/2002,Baa2,,,P-3,,,,,,,,
Malaysia,10/17/2000,Baa2,,,P-3,,,,,,,,
Malaysia,7/12/2000,Baa3,,,,,,,,,,,
Malaysia,12/3/1998,Baa3,,,,,,,,,,,
Malaysia,9/14/1998,Baa3,,,N-P,,,,,,,,
Malaysia,7/23/1998,Baa2,,,P-3,,,,,,,,
Malaysia,6/4/1998,A2,,,,,,,,,,,
Malaysia,12/21/1997,A2,,,P-2,,,,,,,,
Malaysia,3/15/1995,A1,,,,,,,,,,,
Malaysia,1/20/1995,A2,,,,,,,,,,,
Malaysia,3/15/1993,A2,,,,,,,,,,,
Malaysia,3/12/1990,A3,,,,,,,,,,,
Malaysia,11/18/1986,Baa1,,,,,,,,,,,
Malaysia,10/2/1995,,,,P-1,,,,,,,,
Malaysia,9/4/1998,,,,,,,A3,,,,,
Malaysia,7/27/2011,,,,,,,,A,,,,
Malaysia,10/8/2003,,A-,,,,,,,,,,
Malaysia,8/20/2002,,BBB+,,,A-2,,,A+,,,,
Malaysia,11/10/1999,,BBB,,,,,,A,,,A-1,
Malaysia,9/15/1998,,BBB-,,,A-3,,,A-,,,A-2,
Malaysia,7/24/1998,,BBB+,,,,,,A+,,,A-1,
Malaysia,4/17/1998,,A-,,,A-2,,,AA-,,,,
Malaysia,12/23/1997,,A,,,A-1,,,AA,,,,
Malaysia,12/29/1994,,A+,,,A-1+,,,,,,,
Malaysia,6/28/1993,,,,,,,,AA+,,,,
Malaysia,9/13/1990,,A-,,,A-1,,,,,,,
Malaysia,8/18/1997,,,,,,,,,,,A-1+,
Malaysia,7/22/2016,,,,,,F1,,,A-,,,
Malaysia,1/1/2013,,,,,,,,,,,,
Malaysia,6/9/2009,,,,,,,,,A,,,
Malaysia,11/8/2004,,,A-,,,,,,A+,,,
Malaysia,8/7/2002,,,BBB+,,,,,,A,,,
Malaysia,12/7/1999,,,BBB,,,F2,,,A-,,,
Malaysia,9/9/1999,,,BBB-,,,F3,,,BBB,,,
Malaysia,4/26/1999,,,BBB-,,,F3,,,,,,
Malaysia,9/9/1998,,,BB,,,B,,,,,,
Malaysia,8/13/1998,,,BBB-,,,F3,,,A-,,,
Mexico,2/5/2014,A3,,,,,,A3,,,,,
Mexico,1/6/2005,Baa1,,,,,,,,,,,
Mexico,5/29/2002,,,,,,,,,,,,
Mexico,2/7/2002,,,,,,,,,,P-2,,
Mexico,2/6/2002,Baa2,,,P-2,,,,,,,,
Mexico,3/7/2000,Baa3,,,,,,Baa1,,,,,
Mexico,2/2/2000,Ba1,,,,,,Baa3,,,,,
Mexico,8/10/1999,Ba1,,,,,,,,,,,
Mexico,6/21/1999,Ba2,,,,,,,,,,,
Mexico,2/10/1999,Ba2,,,,,,,,,,,
Mexico,9/3/1998,Ba2,,,,,,,,,,,
Mexico,5/11/1995,,,,,,,,,,P-3,,
Mexico,1/6/1995,,,,,,,Baa3,,,P-3,,
Mexico,5/20/1993,,,,,,,Baa1,,,,,
Mexico,3/20/1993,,,,,,,,,,P-2,,
Mexico,4/9/1992,,,,,,,,,,,,
Mexico,2/20/1991,Ba2,,,,,,,,,,,
Mexico,12/19/2013,,BBB+,,,A-2,,,A,,,A-1,
Mexico,7/9/2012,,,,,,,,,,,,
Mexico,7/28/2011,,,,,A-3,,,A-,,,A-2,
Mexico,12/14/2009,,BBB,,,A-2,,,A,,,,
Mexico,10/8/2007,,BBB+,,,,,,A+,,,,
Mexico,1/31/2005,,BBB,,,A-3,,,A,,,A-1,
Mexico,2/7/2002,,BBB-,,,,,,A-,,,,
Mexico,3/13/2000,,BB+,,,,,,,,,,
Mexico,3/23/2005,,,,,,,,BBB+,,,,
Mexico,1/12/1996,,,,,B,,,,,,,
Mexico,3/23/1995,,,,,,,,,,,A-2,
Mexico,2/10/1995,,BB,,,,,,A,,,,
Mexico,12/23/1994,,,,,,,,A+,,,A-1,
Mexico,11/3/1992,,,,,,,,AA-,,,A-1+,
Mexico,7/29/1992,,BB+,,,,,,,,,,
Mexico,7/22/2016,,,,,,,,,BBB+,,,F2
Mexico,5/8/2013,,,BBB+,,,,,,A-,,,
Mexico,11/23/2009,,,BBB,,,,,,BBB+,,,
Mexico,9/19/2007,,,BBB+,,,,,,A-,,,
Mexico,12/7/2005,,,BBB,,,,,,BBB+,,,
Mexico,1/15/2002,,,BBB-,,,,,,,,,
Mexico,5/3/2000,,,BB+,,,,,,BBB,,,
Mexico,4/11/2000,,,BB,,,,,,BBB-,,,
Mexico,8/30/1995,,,BB,,,,,,BBB-,,,
Peru,7/2/2014,A3,,,P-1,,,A3,,,,,
Peru,8/16/2012,Baa2,,,P-2,,,Baa2,,,,,
Peru,12/16/2009,Baa3,,,P-3,,,,,,,,
Peru,9/29/2009,Ba1,,,P-3,,,,,,,,
Peru,8/19/2008,Ba1,,,P-3,,,,,,,,
Peru,7/16/2007,Ba2,,,,,,,,,,,
Peru,3/8/2007,Ba3,,,,,,,,,,,
Peru,10/20/2006,,,,,,,Baa3,,,,,
Peru,2/5/1996,,,,,,,,,,,,
Peru,7/20/1999,Ba3,,,,,,,,,,,
Peru,8/19/2013,,BBB+,,,,,,A-,,,,
Peru,7/9/2012,,,,,A-2,,,,,,,
Peru,8/30/2011,,BBB,,,,,,,,,,
Peru,7/14/2008,,BBB-,,,A-3,,,BBB+,,,A-2,
Peru,11/20/2006,,BB+,,,,,,BBB-,,,A-3,
Peru,6/8/2004,,BB,,,,,,,,,,
Peru,11/1/2000,,BB-,,,,,,BB+,,,B,
Peru,6/16/2000,,BB,,,,,,BBB-,,,A-3,
Peru,5/19/2000,,BB,,,,,,BBB-,,,A-3,
Peru,12/18/1997,,BB,,,B,,,BBB-,,,A-3,
Peru,7/22/2016,,,,,,,,,,,,F1
Peru,10/23/2013,,,BBB+,,,,,,A-,,,
Peru,11/10/2011,,,BBB,,,F2,,,BBB+,,,
Peru,4/2/2008,,,BBB-,,,F3,,,BBB,,,
Peru,8/31/2006,,,BB+,,,,,,BBB-,,,
Peru,12/14/2005,,,,,,,,,BB+,,,
Peru,1/14/2005,,,,,,,,,BB,,,
Peru,11/18/2004,,,BB,,,,,,,,,
Peru,4/18/2001,,,BB-,,,,,,,,,
Peru,11/8/2000,,,BB,,,,,,,,,
Peru,10/14/1999,,,BB,,,B,,,,,,
Philippines,12/11/2014,Baa2,,,,,,Baa2,,,,,
Philippines,10/3/2013,Baa3,,,P-2,,,Baa3,,,,,
Philippines,7/25/2013,Ba1,,,,,,Ba1,,,,,
Philippines,10/29/2012,Ba1,,,,,,Ba1,,,,,
Philippines,6/15/2011,Ba2,,,P-3,,,Ba2,,,,,
Philippines,7/23/2009,Ba3,,,,,,Ba3,,,,,
Philippines,2/16/2005,B1,,,,,,B1,,,,,
Philippines,11/9/2004,Ba2,,,,,,Ba2,,,,,
Philippines,1/27/2004,Ba2,,,,,,Ba2,,,,,
Philippines,11/26/2003,Ba1,,,,,,Baa3,,,,,
Philippines,9/4/1998,,,,,,,Baa3,,,,,
Philippines,5/18/1997,Ba1,,,,,,,,,,,
Philippines,1/23/1997,Ba2,,,,,,,,,,,
Philippines,10/2/1995,,,,,,,,,,,,
Philippines,5/12/1995,Ba2,,,,,,,,,,,
Philippines,7/1/1993,Ba3,,,,,,,,,,,
Philippines,5/8/2014,,BBB,,,A-2,,,BBB,,,A-2,
Philippines,5/2/2013,,BBB-,,,A-3,,,BBB-,,,A-3,
Philippines,7/4/2012,,BB+,,,,,,,,,,
Philippines,11/12/2010,,BB,,,,,,,,,,
Philippines,1/17/2007,,BB-,,,,,,,,,,
Philippines,1/17/2005,,,,,,,,BB+,,,B,
Philippines,4/24/2003,,BB,,,,,,BBB,,,A-3,
Philippines,2/23/1998,,,,,,,,,,,A-2,
Philippines,9/26/1997,,,,,B,,,,,,,
Philippines,2/23/1997,,,,,,,,BBB+,,,,
Philippines,2/21/1997,,BB+,,,,,,A-,,,A-1,
Philippines,5/30/1995,,BB,,,,,,BBB+,,,,
Philippines,3/24/1995,,,,,,,,,,,A-2,
Philippines,11/2/1994,,,,,,,,BBB,,,,
Philippines,7/29/1994,,,,,,,,BBB-,,,,
Philippines,6/30/1993,,BB-,,,,,,,,,,
Philippines,7/22/2016,,,,,,,,,BBB-,,,F3
Philippines,3/27/2013,,,BBB-,,,,,,BBB,,,
Philippines,6/23/2011,,,BB+,,,,,,BBB-,,,
Philippines,6/12/2003,,,BB,,,,,,BB+,,,
Philippines,3/15/2001,,,BB+,,,,,,BBB-,,,
Philippines,1/17/2001,,,BB+,,,,,,BBB,,,
Philippines,7/8/1999,,,,,,,,,BBB,,,
Philippines,6/30/1997,,,BB+,,,,,,,,,
Philippines,5/9/1995,,,BB,,,,,,,,,
Poland,3/12/2012,,,,P-1,,,,,,P-1,,
Poland,1/1/2009,,,,,,,,,,,,
Poland,11/12/2002,A2,,,P-1,,,,,,,,
Poland,9/18/2002,,,,,,,A2,,,,,
Poland,2/6/2002,,,,,,,,,,,,
Poland,9/2/1999,Baa1,,,P-2,,,,,,,,
Poland,6/22/1998,,,,,,,A2,,,,,
Poland,6/1/1995,Baa3,,,,,,,,,,,
Poland,1/15/2016,,BBB+,,,,,,A-,,,A-2,
Poland,3/29/2007,,A-,,,,,,A,,,A-1,
Poland,11/5/2003,,,,,,,,A-,,,A-2,
Poland,7/31/2002,,,,,,,,A,,,,
Poland,5/15/2000,,BBB+,,,A-2,,,A+,,,,
Poland,6/10/1999,,BBB,,,,,,A,,,,
Poland,6/3/1997,,,,,A-3,,,,,,,
Poland,4/10/1996,,BBB-,,,,,,A-,,,A-1,
Poland,6/1/1995,,BB,,,,,,,,,,
Poland,7/22/2016,,,,,,,,,A-,,,F1
Poland,1/18/2007,,,A-,,,,,,,,,
Poland,5/6/2004,,,,,,,,,A,,,
Poland,11/19/1998,,,BBB+,,,,,,A+,,,
Poland,6/7/1996,,,BBB,,,,,,A-,,,
Poland,10/26/1995,,,BB+,,,,,,,,,
Romania,6/29/2012,,,,P-2,,,,,,,,
Romania,10/6/2006,Baa3,,,,,,Baa3,,,,,
Romania,6/7/2006,Ba1,,,,,,Ba1,,,,,
Romania,5/24/2006,,,,P-1,,,,,,,,
Romania,3/2/2005,Ba1,,,,,,Ba1,,,,,
Romania,12/11/2003,Ba3,,,,,,Ba3,,,,,
Romania,9/22/2003,B1,,,,,,,,,,,
Romania,12/16/2002,,,,,,,B1,,,,,
Romania,6/17/2002,,,,,,,,,,,,
Romania,12/19/2001,B2,,,,,,B1,,,,,
Romania,2/22/1999,,,,,,,Caa1,,,,,
Romania,11/6/1998,B3,,,,,,,,,,,
Romania,9/14/1998,B1,,,,,,,,,,,
Romania,8/7/1998,B3,,,,,,,,,,,
Romania,6/4/1997,Ba3,,,,,,,,,,,
Romania,3/6/1996,,,,,,,,,,,,
Romania,5/16/2014,,BBB-,,,A-3,,,BBB-,,,A-3,
Romania,11/29/2011,,,,,,,,BB+,,,B,
Romania,10/27/2008,,BB+,,,B,,,BBB-,,,,
Romania,9/6/2005,,BBB-,,,A-3,,,BBB,,,,
Romania,9/14/2004,,BB+,,,,,,BBB-,,,A-3,
Romania,9/17/2003,,BB,,,,,,BB+,,,,
Romania,2/27/2003,,BB-,,,,,,BB,,,,
Romania,4/19/2002,,B+,,,,,,BB-,,,,
Romania,6/7/2001,,B,,,B,,,B+,,,B,
Romania,4/1/1999,,,,,,,,B,,,C,
Romania,10/19/1998,,B-,,,C,,,,,,,
Romania,5/20/1998,,B+,,,,,,BB,,,B,
Romania,4/30/1997,,BB-,,,B,,,BBB-,,,A-3,
Romania,7/22/2016,,,,,,,,,BBB-,,,F3
Romania,7/4/2011,,,BBB-,,,F3,,,BBB,,,
Romania,11/10/2008,,,BB+,,,B,,,BBB-,,,
Romania,8/31/2006,,,BBB,,,,,,BBB+,,,
Romania,11/17/2004,,,BBB-,,,,,,BBB,,,
Romania,12/18/2003,,,BB,,,,,,BB+,,,
Romania,9/24/2003,,,BB-,,,,,,BB,,,
Romania,10/30/2002,,,BB-,,,,,,BB,,,
Romania,6/14/2002,,,B+,,,,,,BB-,,,
Romania,11/16/2000,,,B,,,,,,,,,
Romania,3/24/1999,,,B-,,,,,,,,,
Romania,12/23/1998,,,B,,,,,,,,,
Romania,3/6/1996,,,BB-,,,,,,,,,
Russia,4/22/2016,Ba1,,,,,,Ba1,,,,,
Russia,3/4/2016,Ba1,,,,,,Ba1,,,,,
Russia,2/20/2015,Ba1,,,,,,Ba1,,,,,
Russia,1/16/2015,Baa3,,,P-3,,,Baa3,,,P-3,,
Russia,10/17/2014,Baa2,,,P-2,,,Baa2,,,,,
Russia,6/27/2014,Baa1,,,,,,Baa1,,,,,
Russia,3/28/2014,Baa1,,,,,,Baa1,,,,,
Russia,7/16/2008,baa1,,,,,,Baa1,,,,,
Russia,3/27/2008,Baa2,,,,,,Baa2,,,,,
Russia,5/24/2006,,,,P-1,,,,,,,,
Russia,10/25/2005,Baa2,,,P-2,,,Baa2,,,P-2,,
Russia,9/8/2005,Baa3,,,,,,Baa3,,,,,
Russia,10/8/2003,Baa3,,,,,,Baa3,,,,,
Russia,7/28/2003,Ba2,,,,,,Ba2,,,,,
Russia,12/17/2002,Ba2,,,,,,,,,,,
Russia,10/17/2002,Ba3,,,,,,,,,,,
Russia,11/29/2001,Ba3,,,,,,Ba2,,,,,
Russia,10/11/2001,,,,,,,B1,,,,,
Russia,9/12/2001,,,,,,,B3,,,,,
Russia,9/5/2001,B2,,,,,,,,,,,
Russia,12/7/2000,,,,,,,Caa2,,,,,
Russia,8/23/2000,B3,,,,,,Caa2,,,,,
Russia,1/5/2000,,,,,,,Caa2,,,,,
Russia,8/21/1998,B3,,,,,,Ca,,,,,
Russia,8/13/1998,B2,,,,,,Caa1,,,,,
Russia,5/29/1998,B1,,,,,,B2,,,,,
Russia,3/11/1998,Ba3,,,,,,,,,,,
Russia,11/22/1996,Ba2,,,,,,,,,,,
Russia,10/7/1996,,,,,,,,,,,,
Russia,1/26/2015,,BB+,,,B,,,BBB-,,,,
Russia,12/23/2014,,BBB-,,,A-3,,,BBB,,,,
Russia,1/16/2015,,,,,,,,,,,P-3,
Russia,4/25/2014,,BBB-,,,A-3,,,BBB,,,,
Russia,6/27/2012,,,,,A-2,,,,,,,
Russia,12/8/2008,,BBB,,,A-3,,,BBB+,,,,
Russia,9/4/2006,,BBB+,,,,,,A-,,,,
Russia,12/15/2005,,BBB,,,A-2,,,BBB+,,,,
Russia,10/25/2005,,,,,,,,,,,P-2,
Russia,9/8/2005,,,,,,,,,,,,
Russia,1/31/2005,,BBB-,,,A-3,,,BBB,,,,
Russia,1/27/2004,,BB+,,,,,,BBB-,,,,
Russia,12/5/2002,,BB,,,,,,BB+,,,,
Russia,7/26/2002,,BB-,,,,,,BB-,,,,
Russia,12/19/2001,,B+,,,,,,B+,,,,
Russia,6/28/2001,,B,,,B,,,B,,,,
Russia,12/8/2000,,B-,,,C,,,,,,,
Russia,7/27/2000,,,,,,,,B-,,,,
Russia,2/15/2000,,,,,,,,CCC+,,,,
Russia,5/7/1999,,,,,,,,CCC,,,,
Russia,1/27/1999,,SD,,,SD,,,,,,,
Russia,9/16/1998,,CCC-,,,,,,,,,,
Russia,8/17/1998,,CCC,,,,,,,,,,
Russia,8/13/1998,,B-,,,C,,,,,,,
Russia,6/9/1998,,B+,,,,,,,,,,
Russia,5/29/1998,,,,,,,,,,,,
Russia,10/7/1996,,BB-,,,B,,,,,,,
Russia,7/22/2016,,,,,,,,,,,,F3
Russia,1/9/2015,,,BBB-,,,,,,BBB-,,,
Russia,2/4/2009,,,BBB,,,F3,,,BBB,,,
Russia,7/25/2006,,,BBB+,,,F2,,,BBB+,,,
Russia,8/3/2005,,,BBB,,,F3,,,BBB,,,
Russia,11/18/2004,,,BBB-,,,,,,BBB-,,,
Russia,5/13/2003,,,BB+,,,,,,BB+,,,
Russia,5/2/2002,,,BB-,,,,,,BB-,,,
Russia,10/4/2001,,,B+,,,,,,B,,,
Russia,8/29/2000,,,B,,,,,,B-,,,
Russia,5/8/2000,,,B-,,,,,,,,,
Russia,2/14/2000,,,CCC,,,,,,,,,
Russia,8/26/1998,,,CCC,,,C,,,,,,
Russia,8/17/1998,,,B-,,,,,,,,,
Russia,7/30/1998,,,BB-,,,,,,,,,
Russia,6/5/1998,,,BB,,,,,,,,,
Russia,10/7/1996,,,BB+,,,B,,,,,,
southAfrica,6/9/2017,Baa3,,,P-3,,,Baa3,,,,,
southAfrica,4/3/2017,Baa2,,,P-2,,,Baa2,,,,,
southAfrica,5/6/2016,Baa2,,,P-2,,,Baa2,,,,,
southAfrica,3/8/2016,Baa2,,,P-2,,,Baa2,,,,,
southAfrica,11/6/2014,Baa2,,,,,,Baa2,,,,,
southAfrica,9/27/2012,Baa1,,,,,,Baa1,,,,,
southAfrica,7/16/2009,A3,,,,,,A3,,,,,
southAfrica,3/12/2009,,,,,,,A2,,,,,
southAfrica,1/11/2005,Baa1,,,,,,,,,,,
southAfrica,10/14/2004,Baa2,,,,,,,,,,,
southAfrica,11/29/2001,Baa2,,,P-2,,,A2,,,,,
southAfrica,10/12/2001,Baa3,,,,,,Baa1,,,,,
southAfrica,11/20/1995,,,,,,,Baa1,,,,,
southAfrica,10/3/1994,Baa3,,,,,,,,,,,
southAfrica,4/3/2017,,BB+,,,B,,,BBB-,,,A-3,
southAfrica,12/2/2016,,,,,,,,BBB,,,,
southAfrica,6/13/2014,,BBB-,,,A-3,,,BBB+,,,,
southAfrica,10/12/2012,,BBB,,,,,,A-,,,A-2,
southAfrica,1/25/2011,,,,,,,,A,,,,
southAfrica,8/1/2005,,BBB+,,,A-2,,,A+,,,,
southAfrica,5/7/2003,,BBB,,,,,,A,,,A-1,
southAfrica,2/25/2000,,BBB-,,,A-3,,,A-,,,,
southAfrica,3/6/1998,,,,,B,,,,,,A-2,
southAfrica,11/20/1995,,BB+,,,,,,BBB+,,,,
southAfrica,10/3/1994,,BB,,,,,,,,,,
southAfrica,4/7/2017,,,BB+,,,,,,BB+,,,B
southAfrica,7/22/2016,,,,,,,,,BBB-,,,F3
southAfrica,12/4/2015,,,BBB-,,,,,,BBB,,,
southAfrica,1/10/2013,,,BBB,,,,,,BBB+,,,
southAfrica,8/25/2005,,,BBB+,,,,,,A,,,
southAfrica,5/2/2003,,,BBB,,,,,,A-,,,
southAfrica,3/11/2003,,,BBB-,,,,,,BBB+,,,
southAfrica,6/27/2000,,,BBB-,,,,,,BBB+,,,
southAfrica,5/19/2000,,,BB+,,,,,,BBB+,,,
southAfrica,6/5/1996,,,,,,,,,BBB,,,
southAfrica,9/22/1994,,,BB,,,,,,,,,
Thailand,11/26/2003,Baa1,,,P-2,,,Baa1,,,,,
Thailand,10/2/2003,Baa3,,,,,,Baa3,,,,,
Thailand,6/21/2000,Baa3,,,,,,Baa3,,,,,
Thailand,4/3/2000,Ba1,,,,,,,,,,,
Thailand,9/4/1998,,,,,,,Baa1,,,,,
Thailand,12/21/1997,Ba1,,,,,,,,,,,
Thailand,12/1/1997,Baa3,,,,,,,,,,,
Thailand,11/27/1997,Baa2,,,,,,,,,,,
Thailand,10/2/1997,Baa1,,,P-3,,,,,,,,
Thailand,4/8/1997,A3,,,,,,,,,,,
Thailand,9/3/1996,,,,P-2,,,,,,,,
Thailand,8/1/1989,A2,,,P-1,,,,,,,,
Thailand,4/14/2009,,,,,,,,A-,,,A-2,
Thailand,10/31/2006,,BBB+,,,A-2,,,A,,,A-1,
Thailand,9/19/2006,,BBB+,,,A-2,,,A,,,A-1,
Thailand,8/26/2004,,BBB+,,,,,,,,,,
Thailand,10/8/2003,,BBB,,,A-2,,,A,,,A-1,
Thailand,1/8/1998,,BBB-,,,,,,A-,,,A-2,
Thailand,10/24/1997,,BBB,,,A-3,,,A,,,A-1,
Thailand,9/3/1997,,A-,,,,,,AA-,,,A-1+,
Thailand,8/1/1997,,A,,,,,,AA,,,,
Thailand,5/2/1996,,,,,,,,AA,,,,
Thailand,12/29/1994,,A,,,,,,,,,,
Thailand,6/14/1989,,A-,,,A-1,,,,,,,
Thailand,7/22/2016,,,,,,,,,BBB+,,,F2
Thailand,3/8/2013,,,BBB+,,,F2,,,,,,
Thailand,4/16/2009,,,BBB,,,F3,,,A-,,,
Thailand,10/23/2006,,,BBB+,,,,,,A,,,
Thailand,9/19/2006,,,BBB+,,,,,,A,,,
Thailand,5/11/2005,,,BBB+,,,F2,,,A,,,
Thailand,9/3/2003,,,BBB,,,,,,A-,,,
Thailand,6/24/1999,,,BBB-,,,F3,,,BBB+,,,
Thailand,4/26/1999,,,BB+,,,,,,BBB+,,,
Thailand,5/14/1998,,,BB+,,,B,,,BBB+,,,
Turkey,9/23/2016,Ba1,,,P-3,,,Ba1,,,,,
Turkey,7/18/2016,Baa3,,,,,,Baa3,,,,,
Turkey,5/16/2013,Baa3,,,,,,Baa3,,,,,
Turkey,6/20/2012,Ba1,,,P-2,,,Ba1,,,,,
Turkey,1/8/2010,Ba2,,,,,,Ba2,,,,,
Turkey,12/14/2005,Ba3,,,,,,Ba3,,,,,
Turkey,2/11/2005,,,,,,,B1,,,,,
Turkey,9/30/2004,,,,,,,B2,,,,,
Turkey,4/6/2001,,,,,,,B3,,,,,
Turkey,12/21/2000,B1,,,,,,,,,,,
Turkey,7/24/2000,B1,,,,,,,,,,,
Turkey,3/13/1997,B1,,,,,,,,,,,
Turkey,1/9/1997,Ba3,,,,,,,,,,,
Turkey,10/2/1995,,,,,,,,,,,,
Turkey,6/2/1994,Ba3,,,,,,,,,,,
Turkey,4/6/1994,Ba1,,,,,,,,,,,
Turkey,1/13/1994,Ba1,,,,,,,,,,,
Turkey,10/8/1993,Baa3,,,,,,,,,,,
Turkey,5/5/1992,Baa3,,,,,,,,,,,
Turkey,7/20/2016,,BB,,,,,,BB+,,,B,
Turkey,5/8/2015,,,,,,,,BBB-,,,A-3,
Turkey,3/27/2013,,BB+,,,,,,BBB,,,A-2,
Turkey,1/14/2013,,BB,,,B,,,BBB-,,,A-3,
Turkey,9/20/2011,,,,,,,,BBB-,,,A-3,
Turkey,2/19/2010,,BB,,,,,,BB+,,,,
Turkey,8/17/2004,,BB-,,,,,,BB,,,,
Turkey,3/8/2004,,,,,,,,BB-,,,,
Turkey,10/16/2003,,BB+,,,,,,B+,,,,
Turkey,7/28/2003,,B,,,B,,,B,,,B,
Turkey,4/27/2001,,B-,,,,,,B-,,,,
Turkey,4/16/2001,,B-,,,,,,B-,,,,
Turkey,2/23/2001,,B,,,C,,,B,,,C,
Turkey,2/21/2001,,B+,,,B,,,B+,,,B,
Turkey,4/25/2000,,B+,,,,,,B+,,,B,
Turkey,12/13/1996,,B,,,,,,,,,,
Turkey,7/18/1996,,,,,B,,,,,,,
Turkey,4/28/1994,,B+,,,,,,,,,,
Turkey,1/27/2017,,,BB+,,,,,,,,,
Turkey,7/22/2016,,,,,,,,,BBB-,,,F3
Turkey,11/5/2012,,,BBB-,,,,,,BBB,,,
Turkey,12/3/2009,,,BB+,,,,,,BB+,,,
Turkey,10/27/2009,,,BB-,,,,,,BB,,,
Turkey,12/12/2007,,,,,,,,,BB,,,
Turkey,1/13/2005,,,BB-,,,,,,BB-,,,
Turkey,2/9/2004,,,B+,,,,,,B+,,,
Turkey,9/25/2003,,,B,,,,,,B,,,
Turkey,3/25/2003,,,B-,,,,,,B-,,,
Turkey,2/5/2002,,,,,,,,,B,,,
Turkey,8/2/2001,,,B,,,,,,B-,,,
Turkey,4/2/2001,,,B+,,,,,,B,,,
Turkey,2/22/2001,,,BB-,,,,,,B+,,,
Turkey,4/27/2000,,,BB-,,,,,,BB,,,
Turkey,4/10/2000,,,B+,,,,,,,,,
Turkey,12/20/1996,,,B+,,,,,,,,,
Turkey,9/26/1995,,,BB-,,,,,,,,,
Turkey,8/10/1994,,,B,,,,,,,,,
Ukraine,11/19/2015,Caa3,,,,,,,,,,,
Ukraine,3/24/2015,Ca,,,,,,,,,,,
Ukraine,4/4/2014,Caa3,,,,,,,,,,,
Ukraine,1/31/2014,Caa2,,,,,,,,,,,
Ukraine,9/20/2013,Caa1,,,,,,,,,,,
Ukraine,12/5/2012,B3,,,,,,,,,,,
Ukraine,12/25/2010,,,,,,,,,,,,
Ukraine,5/12/2009,B2,,,,,,B2,,,,,
Ukraine,2/24/2009,B1,,,,,,B1,,,,,
Ukraine,8/8/2008,B1,,,,,,B1,,,,,
Ukraine,3/28/2008,B1,,,,,,B1,,,,,
Ukraine,11/10/2003,B1,,,,,,B1,,,,,
Ukraine,7/28/2003,B2,,,,,,B2,,,,,
Ukraine,1/24/2002,B2,,,,,,B2,,,,,
Ukraine,11/20/2001,Caa1,,,,,,Caa1,,,,,
Ukraine,2/26/2001,,,,,,,,,,,,
Ukraine,4/19/2000,Caa1,,,,,,,,,,,
Ukraine,1/5/2000,Caa1,,,,,,,,,,,
Ukraine,9/9/1998,B3,,,,,,,,,,,
Ukraine,7/28/1998,B3,,,,,,,,,,,
Ukraine,2/6/1998,B2,,,,,,,,,,,
Ukraine,10/19/2015,,B-,,,B,,,B-,,,B,
Ukraine,9/25/2015,,SD,,,D,,,,,,,
Ukraine,4/10/2015,,CC,,,,,,,,,,
Ukraine,12/19/2014,,CCC-,,,,,,CCC+,,,C,
Ukraine,2/21/2014,,CCC,,,,,,,,,,
Ukraine,1/28/2014,,CCC+,,,C,,,,,,,
Ukraine,11/1/2013,,B-,,,,,,B-,,,,
Ukraine,12/7/2012,,B,,,,,,B,,,,
Ukraine,9/13/2011,,,,,,,,B+,,,,
Ukraine,7/29/2010,,B+,,,,,,BB-,,,,
Ukraine,7/22/2010,,B,,,,,,B+,,,,
Ukraine,5/17/2010,,B,,,B,,,B+,,,,
Ukraine,3/11/2010,,B-,,,,,,B,,,B,
Ukraine,2/25/2009,,CCC+,,,C,,,B-,,,C,
Ukraine,2/16/2009,,B,,,B,,,B+,,,B,
Ukraine,10/24/2008,,B,,,B,,,B+,,,B,
Ukraine,10/15/2008,,B+,,,B,,,BB-,,,B,
Ukraine,6/12/2008,,B+,,,,,,BB-,,,,
Ukraine,5/11/2005,,BB-,,,,,,BB-,,,,
Ukraine,7/20/2004,,B+,,,,,,B+,,,,
Ukraine,12/21/2001,,B,,,B,,,B,,,B,
Ukraine,11/11/2016,,,B-,,,B,,,B-,,,B
Ukraine,7/22/2016,,,,,,,,,,,,C
Ukraine,11/18/2015,,,CCC,,,C,,,,,,
Ukraine,10/6/2015,,,DDD,,,DDD,,,,,,
Ukraine,8/27/2015,,,C,,,,,,,,,
Ukraine,2/13/2015,,,CC,,,,,,,,,
Ukraine,8/22/2014,,,,,,,,,CCC,,,
Ukraine,2/7/2014,,,CCC,,,C,,,,,,
Ukraine,11/8/2013,,,B-,,,,,,B-,,,
Ukraine,7/6/2010,,,B,,,,,,B,,,
Ukraine,11/12/2009,,,B-,,,,,,B-,,,
Ukraine,2/12/2009,,,B,,,,,,,,,
Ukraine,10/17/2008,,,B+,,,,,,B,,,
Ukraine,1/21/2005,,,BB-,,,,,,BB-,,,
Ukraine,6/25/2003,,,B+,,,,,,B+,,,
Ukraine,3/26/2002,,,B,,,,,,B,,,
Ukraine,6/13/2001,,,B-,,,B,,,B-,,,
Uruguay,5/29/2014,Baa2,,,,,,Baa2,,,,,
Uruguay,7/31/2012,Baa3,,,,,,Baa3,,,,,
Uruguay,12/8/2010,Ba1,,,P-1,,,Ba1,,,,,
Uruguay,7/15/2010,Ba3,,,,,,Ba3,,,,,
Uruguay,1/12/2009,Ba3,,,,,,Ba3,,,,,
Uruguay,8/14/2008,B1,,,,,,B1,,,,,
Uruguay,12/21/2006,B1,,,,,,B1,,,,,
Uruguay,9/12/2006,B3,,,,,,B3,,,,,
Uruguay,7/31/2002,B3,,,,,,B3,,,,,
Uruguay,7/10/2002,B1,,,,,,B1,,,,,
Uruguay,5/21/2002,Ba2,,,,,,Ba2,,,,,
Uruguay,5/3/2002,Ba2,,,,,,Ba2,,,,,
Uruguay,4/4/2002,Baa3,,,P-3,,,Baa3,,,,,
Uruguay,10/2/1998,,,,,,,Baa3,,,,,
Uruguay,6/10/1997,Baa3,,,P-3,,,,,,,,
Uruguay,10/2/1995,,,,,,,,,,,,
Uruguay,10/15/1993,Ba1,,,,,,,,,,,
Uruguay,6/5/2015,,BBB,,,A-2,,,BBB,,,A-2,
Uruguay,4/3/2012,,,,,A-3,,,BBB-,,,A-3,
Uruguay,7/25/2011,,BBB-,,,,,,BB+,,,,
Uruguay,9/6/2010,,BB+,,,,,,BB,,,,
Uruguay,7/22/2008,,BB,,,,,,BB-,,,,
Uruguay,6/12/2007,,BB-,,,,,,,,,,
Uruguay,9/28/2006,,B+,,,,,,B+,,,,
Uruguay,7/21/2004,,B,,,B,,,B,,,B,
Uruguay,6/2/2003,,B-,,,C,,,B-,,,,
Uruguay,5/16/2003,,SD,,,SD,,,,,,,
Uruguay,4/10/2003,,CC,,,,,,CC,,,,
Uruguay,2/11/2003,,CCC,,,,,,CCC,,,,
Uruguay,11/21/2002,,B-,,,C,,,B-,,,C,
Uruguay,7/26/2002,,B,,,,,,B,,,,
Uruguay,5/14/2002,,BB-,,,,,,BB-,,,B,
Uruguay,2/14/2002,,BB+,,,B,,,BBB-,,,A-3,
Uruguay,6/13/1997,,BBB-,,,A-3,,,BBB+,,,,
Uruguay,11/22/1995,,,,,,,,,,,A-2,
Uruguay,2/14/1994,,BB+,,,,,,BBB,,,,
Uruguay,7/22/2016,,,,,,,,,BBB-,,,F3
Uruguay,3/4/2014,,,,,,,,,BBB,,,
Uruguay,3/7/2013,,,BBB-,,,F3,,,BBB-,,,
Uruguay,7/14/2011,,,BB+,,,,,,BB+,,,
Uruguay,7/27/2010,,,BB,,,,,,BB,,,
Uruguay,7/27/2007,,,BB-,,,,,,BB-,,,
Uruguay,4/10/2007,,,,,,,,,B+,,,
Uruguay,3/7/2005,,,B+,,,,,,,,,
Uruguay,3/29/2004,,,B,,,,,,,,,
Uruguay,6/17/2003,,,B-,,,B,,,,,,
Uruguay,5/19/2003,,,,,,D,,,,,,
Uruguay,5/16/2003,,,DDD,,,,,,,,,
Uruguay,4/10/2003,,,C,,,,,,,,,
Uruguay,3/12/2003,,,CCC-,,,C,,,,,,
Uruguay,1/7/2003,,,B-,,,,,,,,,
Uruguay,7/30/2002,,,B,,,,,,,,,
Uruguay,5/28/2002,,,B+,,,,,,,,,
Uruguay,3/13/2002,,,BB+,,,,,,,,,
Uruguay,1/23/1997,,,BBB-,,,F3,,,,,,
Uruguay,10/26/1995,,,,,,B,,,,,,
Uruguay,1/18/1995,,,BB+,,,,,,,,,
